Scenario Name,Date,observation_date,DRSFRMACBS,Real GDP growth_lag1,Real GDP growth_lag2,Real GDP growth_lag3,Real GDP growth_lag4,Real GDP growth_lag5,Real GDP growth_lag6,Nominal GDP growth_lag1,Nominal GDP growth_lag2,Nominal GDP growth_lag3,Nominal GDP growth_lag4,Nominal GDP growth_lag5,Nominal GDP growth_lag6,Real disposable income growth_lag1,Real disposable income growth_lag2,Real disposable income growth_lag3,Real disposable income growth_lag4,Real disposable income growth_lag5,Real disposable income growth_lag6,Nominal disposable income growth_lag1,Nominal disposable income growth_lag2,Nominal disposable income growth_lag3,Nominal disposable income growth_lag4,Nominal disposable income growth_lag5,Nominal disposable income growth_lag6,Unemployment rate_lag1,Unemployment rate_lag2,Unemployment rate_lag3,Unemployment rate_lag4,Unemployment rate_lag5,Unemployment rate_lag6,CPI inflation rate_lag1,CPI inflation rate_lag2,CPI inflation rate_lag3,CPI inflation rate_lag4,CPI inflation rate_lag5,CPI inflation rate_lag6,3-month Treasury rate_lag1,3-month Treasury rate_lag2,3-month Treasury rate_lag3,3-month Treasury rate_lag4,3-month Treasury rate_lag5,3-month Treasury rate_lag6,5-year Treasury yield_lag1,5-year Treasury yield_lag2,5-year Treasury yield_lag3,5-year Treasury yield_lag4,5-year Treasury yield_lag5,5-year Treasury yield_lag6,10-year Treasury yield_lag1,10-year Treasury yield_lag2,10-year Treasury yield_lag3,10-year Treasury yield_lag4,10-year Treasury yield_lag5,10-year Treasury yield_lag6,BBB corporate yield_lag1,BBB corporate yield_lag2,BBB corporate yield_lag3,BBB corporate yield_lag4,BBB corporate yield_lag5,BBB corporate yield_lag6,Mortgage rate_lag1,Mortgage rate_lag2,Mortgage rate_lag3,Mortgage rate_lag4,Mortgage rate_lag5,Mortgage rate_lag6,Prime rate_lag1,Prime rate_lag2,Prime rate_lag3,Prime rate_lag4,Prime rate_lag5,Prime rate_lag6,Dow Jones Total Stock Market Index (Level)_lag1,Dow Jones Total Stock Market Index (Level)_lag2,Dow Jones Total Stock Market Index (Level)_lag3,Dow Jones Total Stock Market Index (Level)_lag4,Dow Jones Total Stock Market Index (Level)_lag5,Dow Jones Total Stock Market Index (Level)_lag6,House Price Index (Level)_lag1,House Price Index (Level)_lag2,House Price Index (Level)_lag3,House Price Index (Level)_lag4,House Price Index (Level)_lag5,House Price Index (Level)_lag6,Commercial Real Estate Price Index (Level)_lag1,Commercial Real Estate Price Index (Level)_lag2,Commercial Real Estate Price Index (Level)_lag3,Commercial Real Estate Price Index (Level)_lag4,Commercial Real Estate Price Index (Level)_lag5,Commercial Real Estate Price Index (Level)_lag6,Market Volatility Index (Level)_lag1,Market Volatility Index (Level)_lag2,Market Volatility Index (Level)_lag3,Market Volatility Index (Level)_lag4,Market Volatility Index (Level)_lag5,Market Volatility Index (Level)_lag6
Actual,2005-01-01,2005-01-01,1.42,,,,,,,,,,,,,,,,,,,,,,,,,,,,,,,,,,,,,,,,,,,,,,,,,,,,,,,,,,,,,,,,,,,,,,,,,,,,,,,,,,,,,,,,,,,,,,,,
Actual,2005-04-01,2005-04-01,1.55,6.8,,,,,,9.3,,,,,,7.2,,,,,,10.0,,,,,,6.1,,,,,,3.0,,,,,,0.9,,,,,,3.1,,,,,,4.4,,,,,,5.6,,,,,,6.0,,,,,,4.0,,,,,,9649.7,,,,,,138.7,,,,,,150.6,,,,,,22.7,,,,,
Actual,2005-07-01,2005-07-01,1.59,4.7,6.8,,,,,7.3,9.3,,,,,1.1,7.2,,,,,3.1,10.0,,,,,5.8,6.1,,,,,1.5,3.0,,,,,0.9,0.9,,,,,3.2,3.1,,,,,4.4,4.4,,,,,5.4,5.6,,,,,5.9,6.0,,,,,4.0,4.0,,,,,10799.6,9649.7,,,,,143.1,138.7,,,,,148.3,150.6,,,,,21.1,22.7,,,,
Actual,2005-10-01,2005-10-01,1.64,2.3,4.7,6.8,,,,5.2,7.3,9.3,,,,1.8,1.1,7.2,,,,5.0,3.1,10.0,,,,5.7,5.8,6.1,,,,3.4,1.5,3.0,,,,0.9,0.9,0.9,,,,3.0,3.2,3.1,,,,4.1,4.4,4.4,,,,5.0,5.4,5.6,,,,5.6,5.9,6.0,,,,4.0,4.0,4.0,,,,11039.4,10799.6,9649.7,,,,148.1,143.1,138.7,,,,154.9,148.3,150.6,,,,21.6,21.1,22.7,,,
Actual,2006-01-01,2006-01-01,1.6,3.2,2.3,4.7,6.8,,,6.5,5.2,7.3,9.3,,,4.2,1.8,1.1,7.2,,,7.1,5.0,3.1,10.0,,,5.6,5.7,5.8,6.1,,,3.2,3.4,1.5,3.0,,,1.1,0.9,0.9,0.9,,,3.7,3.0,3.2,3.1,,,4.7,4.1,4.4,4.4,,,5.7,5.0,5.4,5.6,,,6.1,5.6,5.9,6.0,,,4.0,4.0,4.0,4.0,,,11144.6,11039.4,10799.6,9649.7,,,153.9,148.1,143.1,138.7,,,164.2,154.9,148.3,150.6,,,20.0,21.6,21.1,22.7,,
Actual,2006-04-01,2006-04-01,1.62,3.8,3.2,2.3,4.7,6.8,,6.5,6.5,5.2,7.3,9.3,,2.9,4.2,1.8,1.1,7.2,,4.9,7.1,5.0,3.1,10.0,,5.4,5.6,5.7,5.8,6.1,,2.6,3.2,3.4,1.5,3.0,,1.5,1.1,0.9,0.9,0.9,,3.5,3.7,3.0,3.2,3.1,,4.4,4.7,4.1,4.4,4.4,,5.4,5.7,5.0,5.4,5.6,,5.9,6.1,5.6,5.9,6.0,,4.4,4.0,4.0,4.0,4.0,,10893.8,11144.6,11039.4,10799.6,9649.7,,159.3,153.9,148.1,143.1,138.7,,175.4,164.2,154.9,148.3,150.6,,19.3,20.0,21.6,21.1,22.7,
Actual,2006-07-01,2006-07-01,1.74,4.2,3.8,3.2,2.3,4.7,6.8,7.4,6.5,6.5,5.2,7.3,9.3,5.2,2.9,4.2,1.8,1.1,7.2,8.8,4.9,7.1,5.0,3.1,10.0,5.4,5.4,5.6,5.7,5.8,6.1,4.4,2.6,3.2,3.4,1.5,3.0,2.0,1.5,1.1,0.9,0.9,0.9,3.5,3.5,3.7,3.0,3.2,3.1,4.3,4.4,4.7,4.1,4.4,4.4,5.1,5.4,5.7,5.0,5.4,5.6,5.7,5.9,6.1,5.6,5.9,6.0,4.9,4.4,4.0,4.0,4.0,4.0,11951.5,10893.8,11144.6,11039.4,10799.6,9649.7,165.1,159.3,153.9,148.1,143.1,138.7,179.8,175.4,164.2,154.9,148.3,150.6,16.6,19.3,20.0,21.6,21.1,22.7
Actual,2006-10-01,2006-10-01,1.92,4.5,4.2,3.8,3.2,2.3,4.7,7.9,7.4,6.5,6.5,5.2,7.3,-4.8,5.2,2.9,4.2,1.8,1.1,-2.5,8.8,4.9,7.1,5.0,3.1,5.3,5.4,5.4,5.6,5.7,5.8,2.0,4.4,2.6,3.2,3.4,1.5,2.5,2.0,1.5,1.1,0.9,0.9,3.9,3.5,3.5,3.7,3.0,3.2,4.4,4.3,4.4,4.7,4.1,4.4,5.2,5.1,5.4,5.7,5.0,5.4,5.8,5.7,5.9,6.1,5.6,5.9,5.4,4.9,4.4,4.0,4.0,4.0,11637.3,11951.5,10893.8,11144.6,11039.4,10799.6,171.9,165.1,159.3,153.9,148.1,143.1,180.6,179.8,175.4,164.2,154.9,148.3,14.7,16.6,19.3,20.0,21.6,21.1
Actual,2007-01-01,2007-01-01,2.08,2.0,4.5,4.2,3.8,3.2,2.3,5.0,7.9,7.4,6.5,6.5,5.2,3.9,-4.8,5.2,2.9,4.2,1.8,6.6,-2.5,8.8,4.9,7.1,5.0,5.1,5.3,5.4,5.4,5.6,5.7,2.7,2.0,4.4,2.6,3.2,3.4,2.9,2.5,2.0,1.5,1.1,0.9,3.9,3.9,3.5,3.5,3.7,3.0,4.2,4.4,4.3,4.4,4.7,4.1,5.4,5.2,5.1,5.4,5.7,5.0,5.7,5.8,5.7,5.9,6.1,5.6,5.9,5.4,4.9,4.4,4.0,4.0,11856.7,11637.3,11951.5,10893.8,11144.6,11039.4,178.8,171.9,165.1,159.3,153.9,148.1,186.3,180.6,179.8,175.4,164.2,154.9,17.7,14.7,16.6,19.3,20.0,21.6
Actual,2007-04-01,2007-04-01,2.29,3.2,2.0,4.5,4.2,3.8,3.2,7.0,5.0,7.9,7.4,6.5,6.5,1.7,3.9,-4.8,5.2,2.9,4.2,6.1,6.6,-2.5,8.8,4.9,7.1,5.0,5.1,5.3,5.4,5.4,5.6,6.2,2.7,2.0,4.4,2.6,3.2,3.4,2.9,2.5,2.0,1.5,1.1,4.0,3.9,3.9,3.5,3.5,3.7,4.3,4.2,4.4,4.3,4.4,4.7,5.4,5.4,5.2,5.1,5.4,5.7,5.8,5.7,5.8,5.7,5.9,6.1,6.4,5.9,5.4,4.9,4.4,4.0,12282.9,11856.7,11637.3,11951.5,10893.8,11144.6,185.0,178.8,171.9,165.1,159.3,153.9,192.7,186.3,180.6,179.8,175.4,164.2,14.2,17.7,14.7,16.6,19.3,20.0
Actual,2007-07-01,2007-07-01,2.71,2.3,3.2,2.0,4.5,4.2,3.8,5.6,7.0,5.0,7.9,7.4,6.5,3.4,1.7,3.9,-4.8,5.2,2.9,6.7,6.1,6.6,-2.5,8.8,4.9,5.0,5.0,5.1,5.3,5.4,5.4,3.8,6.2,2.7,2.0,4.4,2.6,3.8,3.4,2.9,2.5,2.0,1.5,4.4,4.0,3.9,3.9,3.5,3.5,4.6,4.3,4.2,4.4,4.3,4.4,5.8,5.4,5.4,5.2,5.1,5.4,6.2,5.8,5.7,5.8,5.7,5.9,7.0,6.4,5.9,5.4,4.9,4.4,12497.2,12282.9,11856.7,11637.3,11951.5,10893.8,190.2,185.0,178.8,171.9,165.1,159.3,199.9,192.7,186.3,180.6,179.8,175.4,16.5,14.2,17.7,14.7,16.6,19.3
Actual,2007-10-01,2007-10-01,3.1,5.5,2.3,3.2,2.0,4.5,4.2,8.5,5.6,7.0,5.0,7.9,7.4,8.3,3.4,1.7,3.9,-4.8,5.2,10.6,6.7,6.1,6.6,-2.5,8.8,4.7,5.0,5.0,5.1,5.3,5.4,2.1,3.8,6.2,2.7,2.0,4.4,4.4,3.8,3.4,2.9,2.5,2.0,4.6,4.4,4.0,3.9,3.9,3.5,4.7,4.6,4.3,4.2,4.4,4.3,5.8,5.8,5.4,5.4,5.2,5.1,6.2,6.2,5.8,5.7,5.8,5.7,7.4,7.0,6.4,5.9,5.4,4.9,13121.6,12497.2,12282.9,11856.7,11637.3,11951.5,193.1,190.2,185.0,178.8,171.9,165.1,205.6,199.9,192.7,186.3,180.6,179.8,14.6,16.5,14.2,17.7,14.7,16.6
Actual,2008-01-01,2008-01-01,3.68,1.0,5.5,2.3,3.2,2.0,4.5,4.6,8.5,5.6,7.0,5.0,7.9,1.5,8.3,3.4,1.7,3.9,-4.8,5.1,10.6,6.7,6.1,6.6,-2.5,4.6,4.7,5.0,5.0,5.1,5.3,3.7,2.1,3.8,6.2,2.7,2.0,4.7,4.4,3.8,3.4,2.9,2.5,5.0,4.6,4.4,4.0,3.9,3.9,5.2,4.7,4.6,4.3,4.2,4.4,6.3,5.8,5.8,5.4,5.4,5.2,6.6,6.2,6.2,5.8,5.7,5.8,7.9,7.4,7.0,6.4,5.9,5.4,12808.9,13121.6,12497.2,12282.9,11856.7,11637.3,192.7,193.1,190.2,185.0,178.8,171.9,213.8,205.6,199.9,192.7,186.3,180.6,23.8,14.6,16.5,14.2,17.7,14.7
Actual,2008-04-01,2008-04-01,4.36,0.6,1.0,5.5,2.3,3.2,2.0,3.4,4.6,8.5,5.6,7.0,5.0,0.8,1.5,8.3,3.4,1.7,3.9,3.7,5.1,10.6,6.7,6.1,6.6,4.6,4.6,4.7,5.0,5.0,5.1,3.8,3.7,2.1,3.8,6.2,2.7,4.9,4.7,4.4,3.8,3.4,2.9,4.8,5.0,4.6,4.4,4.0,3.9,5.0,5.2,4.7,4.6,4.3,4.2,6.3,6.3,5.8,5.8,5.4,5.4,6.6,6.6,6.2,6.2,5.8,5.7,8.3,7.9,7.4,7.0,6.4,5.9,13322.5,12808.9,13121.6,12497.2,12282.9,11856.7,191.4,192.7,193.1,190.2,185.0,178.8,222.3,213.8,205.6,199.9,192.7,186.3,18.6,23.8,14.6,16.5,14.2,17.7
Actual,2008-07-01,2008-07-01,5.28,3.4,0.6,1.0,5.5,2.3,3.2,5.0,3.4,4.6,8.5,5.6,7.0,5.2,0.8,1.5,8.3,3.4,1.7,4.5,3.7,5.1,10.6,6.7,6.1,4.4,4.6,4.6,4.7,5.0,5.0,-1.6,3.8,3.7,2.1,3.8,6.2,4.9,4.9,4.7,4.4,3.8,3.4,4.6,4.8,5.0,4.6,4.4,4.0,4.7,5.0,5.2,4.7,4.6,4.3,6.0,6.3,6.3,5.8,5.8,5.4,6.2,6.6,6.6,6.2,6.2,5.8,8.3,8.3,7.9,7.4,7.0,6.4,14215.8,13322.5,12808.9,13121.6,12497.2,12282.9,190.8,191.4,192.7,193.1,190.2,185.0,224.7,222.3,213.8,205.6,199.9,192.7,12.7,18.6,23.8,14.6,16.5,14.2
Actual,2008-10-01,2008-10-01,6.58,1.2,3.4,0.6,1.0,5.5,2.3,5.1,5.0,3.4,4.6,8.5,5.6,3.0,5.2,0.8,1.5,8.3,3.4,6.8,4.5,3.7,5.1,10.6,6.7,4.5,4.4,4.6,4.6,4.7,5.0,4.0,-1.6,3.8,3.7,2.1,3.8,5.0,4.9,4.9,4.7,4.4,3.8,4.6,4.6,4.8,5.0,4.6,4.4,4.8,4.7,5.0,5.2,4.7,4.6,6.0,6.0,6.3,6.3,5.8,5.8,6.2,6.2,6.6,6.6,6.2,6.2,8.3,8.3,8.3,7.9,7.4,7.0,14354.0,14215.8,13322.5,12808.9,13121.6,12497.2,188.6,190.8,191.4,192.7,193.1,190.2,232.4,224.7,222.3,213.8,205.6,199.9,19.6,12.7,18.6,23.8,14.6,16.5
Actual,2009-01-01,2009-01-01,8.01,2.6,1.2,3.4,0.6,1.0,5.5,5.3,5.1,5.0,3.4,4.6,8.5,1.8,3.0,5.2,0.8,1.5,8.3,5.3,6.8,4.5,3.7,5.1,10.6,4.5,4.5,4.4,4.6,4.6,4.7,4.6,4.0,-1.6,3.8,3.7,2.1,4.7,5.0,4.9,4.9,4.7,4.4,4.7,4.6,4.6,4.8,5.0,4.6,4.9,4.8,4.7,5.0,5.2,4.7,6.2,6.0,6.0,6.3,6.3,5.8,6.4,6.2,6.2,6.6,6.6,6.2,8.3,8.3,8.3,8.3,7.9,7.4,15163.1,14354.0,14215.8,13322.5,12808.9,13121.6,183.5,188.6,190.8,191.4,192.7,193.1,241.4,232.4,224.7,222.3,213.8,205.6,18.9,19.6,12.7,18.6,23.8,14.6
Actual,2009-04-01,2009-04-01,8.57,2.4,2.6,1.2,3.4,0.6,1.0,4.6,5.3,5.1,5.0,3.4,4.6,0.7,1.8,3.0,5.2,0.8,1.5,3.0,5.3,6.8,4.5,3.7,5.1,4.7,4.5,4.5,4.4,4.6,4.6,2.6,4.6,4.0,-1.6,3.8,3.7,4.3,4.7,5.0,4.9,4.9,4.7,4.5,4.7,4.6,4.6,4.8,5.0,4.8,4.9,4.8,4.7,5.0,5.2,6.5,6.2,6.0,6.0,6.3,6.3,6.6,6.4,6.2,6.2,6.6,6.6,8.2,8.3,8.3,8.3,8.3,7.9,15317.8,15163.1,14354.0,14215.8,13322.5,12808.9,178.2,183.5,188.6,190.8,191.4,192.7,248.8,241.4,232.4,224.7,222.3,213.8,30.8,18.9,19.6,12.7,18.6,23.8
Actual,2009-07-01,2009-07-01,9.48,2.5,2.4,2.6,1.2,3.4,0.6,4.2,4.6,5.3,5.1,5.0,3.4,0.6,0.7,1.8,3.0,5.2,0.8,4.8,3.0,5.3,6.8,4.5,3.7,4.8,4.7,4.5,4.5,4.4,4.6,5.0,2.6,4.6,4.0,-1.6,3.8,3.4,4.3,4.7,5.0,4.9,4.9,3.8,4.5,4.7,4.6,4.6,4.8,4.4,4.8,4.9,4.8,4.7,5.0,6.3,6.5,6.2,6.0,6.0,6.3,6.2,6.6,6.4,6.2,6.2,6.6,7.5,8.2,8.3,8.3,8.3,8.3,14753.6,15317.8,15163.1,14354.0,14215.8,13322.5,172.4,178.2,183.5,188.6,190.8,191.4,248.7,248.8,241.4,232.4,224.7,222.3,31.1,30.8,18.9,19.6,12.7,18.6
Actual,2009-10-01,2009-10-01,10.4,-1.6,2.5,2.4,2.6,1.2,3.4,-0.2,4.2,4.6,5.3,5.1,5.0,0.7,0.6,0.7,1.8,3.0,5.2,4.0,4.8,3.0,5.3,6.8,4.5,5.0,4.8,4.7,4.5,4.5,4.4,4.4,5.0,2.6,4.6,4.0,-1.6,2.1,3.4,4.3,4.7,5.0,4.9,2.8,3.8,4.5,4.7,4.6,4.6,3.9,4.4,4.8,4.9,4.8,4.7,6.4,6.3,6.5,6.2,6.0,6.0,5.9,6.2,6.6,6.4,6.2,6.2,6.2,7.5,8.2,8.3,8.3,8.3,13284.1,14753.6,15317.8,15163.1,14354.0,14215.8,165.4,172.4,178.2,183.5,188.6,190.8,236.4,248.7,248.8,241.4,232.4,224.7,32.2,31.1,30.8,18.9,19.6,12.7
Actual,2010-01-01,2010-01-01,11.48,2.3,-1.6,2.5,2.4,2.6,1.2,4.4,-0.2,4.2,4.6,5.3,5.1,8.0,0.7,0.6,0.7,1.8,3.0,12.3,4.0,4.8,3.0,5.3,6.8,5.3,5.0,4.8,4.7,4.5,4.5,5.3,4.4,5.0,2.6,4.6,4.0,1.6,2.1,3.4,4.3,4.7,5.0,3.2,2.8,3.8,4.5,4.7,4.6,4.1,3.9,4.4,4.8,4.9,4.8,6.7,6.4,6.3,6.5,6.2,6.0,6.1,5.9,6.2,6.6,6.4,6.2,5.1,6.2,7.5,8.2,8.3,8.3,13016.4,13284.1,14753.6,15317.8,15163.1,14354.0,158.0,165.4,172.4,178.2,183.5,188.6,225.5,236.4,248.7,248.8,241.4,232.4,24.1,32.2,31.1,30.8,18.9,19.6
Actual,2010-04-01,2010-04-01,11.08,-2.1,2.3,-1.6,2.5,2.4,2.6,0.9,4.4,-0.2,4.2,4.6,5.3,-7.8,8.0,0.7,0.6,0.7,1.8,-3.8,12.3,4.0,4.8,3.0,5.3,6.0,5.3,5.0,4.8,4.7,4.5,6.3,5.3,4.4,5.0,2.6,4.6,1.5,1.6,2.1,3.4,4.3,4.7,3.1,3.2,2.8,3.8,4.5,4.7,4.1,4.1,3.9,4.4,4.8,4.9,7.1,6.7,6.4,6.3,6.5,6.2,6.3,6.1,5.9,6.2,6.6,6.4,5.0,5.1,6.2,7.5,8.2,8.3,11826.0,13016.4,13284.1,14753.6,15317.8,15163.1,150.8,158.0,165.4,172.4,178.2,183.5,231.5,225.5,236.4,248.7,248.8,241.4,46.7,24.1,32.2,31.1,30.8,18.9
Actual,2010-07-01,2010-07-01,10.66,-8.5,-2.1,2.3,-1.6,2.5,2.4,-7.6,0.9,4.4,-0.2,4.2,4.6,4.4,-7.8,8.0,0.7,0.6,0.7,-2.1,-3.8,12.3,4.0,4.8,3.0,6.9,6.0,5.3,5.0,4.8,4.7,-8.9,6.3,5.3,4.4,5.0,2.6,0.3,1.5,1.6,2.1,3.4,4.3,2.2,3.1,3.2,2.8,3.8,4.5,3.7,4.1,4.1,3.9,4.4,4.8,9.7,7.1,6.7,6.4,6.3,6.5,5.8,6.3,6.1,5.9,6.2,6.6,4.1,5.0,5.1,6.2,7.5,8.2,9056.7,11826.0,13016.4,13284.1,14753.6,15317.8,143.2,150.8,158.0,165.4,172.4,178.2,220.5,231.5,225.5,236.4,248.7,248.8,80.9,46.7,24.1,32.2,31.1,30.8
Actual,2010-10-01,2010-10-01,10.33,-4.6,-8.5,-2.1,2.3,-1.6,2.5,-4.8,-7.6,0.9,4.4,-0.2,4.2,-0.9,4.4,-7.8,8.0,0.7,0.6,-3.5,-2.1,-3.8,12.3,4.0,4.8,8.3,6.9,6.0,5.3,5.0,4.8,-2.7,-8.9,6.3,5.3,4.4,5.0,0.2,0.3,1.5,1.6,2.1,3.4,1.9,2.2,3.1,3.2,2.8,3.8,3.2,3.7,4.1,4.1,3.9,4.4,9.1,9.7,7.1,6.7,6.4,6.3,5.1,5.8,6.3,6.1,5.9,6.2,3.3,4.1,5.0,5.1,6.2,7.5,8044.2,9056.7,11826.0,13016.4,13284.1,14753.6,139.1,143.2,150.8,158.0,165.4,172.4,212.9,220.5,231.5,225.5,236.4,248.7,56.7,80.9,46.7,24.1,32.2,31.1
Actual,2011-01-01,2011-01-01,10.36,-0.7,-4.6,-8.5,-2.1,2.3,-1.6,-1.4,-4.8,-7.6,0.9,4.4,-0.2,2.2,-0.9,4.4,-7.8,8.0,0.7,3.8,-3.5,-2.1,-3.8,12.3,4.0,9.3,8.3,6.9,6.0,5.3,5.0,2.1,-2.7,-8.9,6.3,5.3,4.4,0.2,0.2,0.3,1.5,1.6,2.1,2.3,1.9,2.2,3.1,3.2,2.8,3.7,3.2,3.7,4.1,4.1,3.9,8.1,9.1,9.7,7.1,6.7,6.4,5.0,5.1,5.8,6.3,6.1,5.9,3.3,3.3,4.1,5.0,5.1,6.2,9342.8,8044.2,9056.7,11826.0,13016.4,13284.1,138.9,139.1,143.2,150.8,158.0,165.4,181.7,212.9,220.5,231.5,225.5,236.4,42.3,56.7,80.9,46.7,24.1,32.2
Actual,2011-04-01,2011-04-01,10.55,1.5,-0.7,-4.6,-8.5,-2.1,2.3,1.9,-1.4,-4.8,-7.6,0.9,4.4,-4.8,2.2,-0.9,4.4,-7.8,8.0,-2.1,3.8,-3.5,-2.1,-3.8,12.3,9.6,9.3,8.3,6.9,6.0,5.3,3.5,2.1,-2.7,-8.9,6.3,5.3,0.2,0.2,0.2,0.3,1.5,1.6,2.5,2.3,1.9,2.2,3.1,3.2,3.8,3.7,3.2,3.7,4.1,4.1,6.5,8.1,9.1,9.7,7.1,6.7,5.2,5.0,5.1,5.8,6.3,6.1,3.3,3.3,3.3,4.1,5.0,5.1,10812.8,9342.8,8044.2,9056.7,11826.0,13016.4,139.5,138.9,139.1,143.2,150.8,158.0,162.6,181.7,212.9,220.5,231.5,225.5,31.3,42.3,56.7,80.9,46.7,24.1
Actual,2011-07-01,2011-07-01,10.51,4.3,1.5,-0.7,-4.6,-8.5,-2.1,5.7,1.9,-1.4,-4.8,-7.6,0.9,0.8,-4.8,2.2,-0.9,4.4,-7.8,3.9,-2.1,3.8,-3.5,-2.1,-3.8,9.9,9.6,9.3,8.3,6.9,6.0,3.2,3.5,2.1,-2.7,-8.9,6.3,0.1,0.2,0.2,0.2,0.3,1.5,2.3,2.5,2.3,1.9,2.2,3.1,3.7,3.8,3.7,3.2,3.7,4.1,5.8,6.5,8.1,9.1,9.7,7.1,4.9,5.2,5.0,5.1,5.8,6.3,3.3,3.3,3.3,3.3,4.1,5.0,11385.1,10812.8,9342.8,8044.2,9056.7,11826.0,140.0,139.5,138.9,139.1,143.2,150.8,159.4,162.6,181.7,212.9,220.5,231.5,30.7,31.3,42.3,56.7,80.9,46.7
Actual,2011-10-01,2011-10-01,10.26,2.0,4.3,1.5,-0.7,-4.6,-8.5,3.1,5.7,1.9,-1.4,-4.8,-7.6,3.1,0.8,-4.8,2.2,-0.9,4.4,4.7,3.9,-2.1,3.8,-3.5,-2.1,9.8,9.9,9.6,9.3,8.3,6.9,0.6,3.2,3.5,2.1,-2.7,-8.9,0.1,0.1,0.2,0.2,0.2,0.3,2.4,2.3,2.5,2.3,1.9,2.2,3.9,3.7,3.8,3.7,3.2,3.7,5.6,5.8,6.5,8.1,9.1,9.7,5.0,4.9,5.2,5.0,5.1,5.8,3.3,3.3,3.3,3.3,3.3,4.1,12032.5,11385.1,10812.8,9342.8,8044.2,9056.7,140.0,140.0,139.5,138.9,139.1,143.2,155.3,159.4,162.6,181.7,212.9,220.5,27.3,30.7,31.3,42.3,56.7,80.9
Actual,2012-01-01,2012-01-01,10.33,3.9,2.0,4.3,1.5,-0.7,-4.6,6.0,3.1,5.7,1.9,-1.4,-4.8,6.8,3.1,0.8,-4.8,2.2,-0.9,7.5,4.7,3.9,-2.1,3.8,-3.5,9.6,9.8,9.9,9.6,9.3,8.3,-0.1,0.6,3.2,3.5,2.1,-2.7,0.1,0.1,0.1,0.2,0.2,0.2,2.3,2.4,2.3,2.5,2.3,1.9,3.6,3.9,3.7,3.8,3.7,3.2,5.4,5.6,5.8,6.5,8.1,9.1,4.9,5.0,4.9,5.2,5.0,5.1,3.3,3.3,3.3,3.3,3.3,3.3,10645.8,12032.5,11385.1,10812.8,9342.8,8044.2,139.0,140.0,140.0,139.5,138.9,139.1,168.0,155.3,159.4,162.6,181.7,212.9,45.8,27.3,30.7,31.3,42.3,56.7
Actual,2012-04-01,2012-04-01,10.45,3.1,3.9,2.0,4.3,1.5,-0.7,4.4,6.0,3.1,5.7,1.9,-1.4,2.6,6.8,3.1,0.8,-4.8,2.2,3.4,7.5,4.7,3.9,-2.1,3.8,9.5,9.6,9.8,9.9,9.6,9.3,1.2,-0.1,0.6,3.2,3.5,2.1,0.2,0.1,0.1,0.1,0.2,0.2,1.6,2.3,2.4,2.3,2.5,2.3,2.9,3.6,3.9,3.7,3.8,3.7,4.8,5.4,5.6,5.8,6.5,8.1,4.4,4.9,5.0,4.9,5.2,5.0,3.3,3.3,3.3,3.3,3.3,3.3,11814.0,10645.8,12032.5,11385.1,10812.8,9342.8,136.4,139.0,140.0,140.0,139.5,138.9,169.0,168.0,155.3,159.4,162.6,181.7,32.9,45.8,27.3,30.7,31.3,42.3
Actual,2012-07-01,2012-07-01,10.48,2.1,3.1,3.9,2.0,4.3,1.5,4.5,4.4,6.0,3.1,5.7,1.9,1.5,2.6,6.8,3.1,0.8,-4.8,4.1,3.4,7.5,4.7,3.9,-2.1,9.5,9.5,9.6,9.8,9.9,9.6,3.3,1.2,-0.1,0.6,3.2,3.5,0.1,0.2,0.1,0.1,0.1,0.2,1.5,1.6,2.3,2.4,2.3,2.5,3.0,2.9,3.6,3.9,3.7,3.8,4.7,4.8,5.4,5.6,5.8,6.5,4.4,4.4,4.9,5.0,4.9,5.2,3.3,3.3,3.3,3.3,3.3,3.3,13131.5,11814.0,10645.8,12032.5,11385.1,10812.8,135.1,136.4,139.0,140.0,140.0,139.5,169.8,169.0,168.0,155.3,159.4,162.6,23.5,32.9,45.8,27.3,30.7,31.3
Actual,2012-10-01,2012-10-01,10.02,-1.0,2.1,3.1,3.9,2.0,4.3,1.1,4.5,4.4,6.0,3.1,5.7,3.9,1.5,2.6,6.8,3.1,0.8,7.4,4.1,3.4,7.5,4.7,3.9,9.0,9.5,9.5,9.6,9.8,9.9,4.3,3.3,1.2,-0.1,0.6,3.2,0.1,0.1,0.2,0.1,0.1,0.1,2.1,1.5,1.6,2.3,2.4,2.3,3.5,3.0,2.9,3.6,3.9,3.7,5.0,4.7,4.8,5.4,5.6,5.8,4.8,4.4,4.4,4.9,5.0,4.9,3.3,3.3,3.3,3.3,3.3,3.3,13908.5,13131.5,11814.0,10645.8,12032.5,11385.1,133.9,135.1,136.4,139.0,140.0,140.0,173.9,169.8,169.0,168.0,155.3,159.4,29.4,23.5,32.9,45.8,27.3,30.7
Actual,2013-01-01,2013-01-01,9.74,2.7,-1.0,2.1,3.1,3.9,2.0,5.5,1.1,4.5,4.4,6.0,3.1,-1.0,3.9,1.5,2.6,6.8,3.1,2.9,7.4,4.1,3.4,7.5,4.7,9.1,9.0,9.5,9.5,9.6,9.8,4.6,4.3,3.3,1.2,-0.1,0.6,0.0,0.1,0.1,0.2,0.1,0.1,1.8,2.1,1.5,1.6,2.3,2.4,3.3,3.5,3.0,2.9,3.6,3.9,4.8,5.0,4.7,4.8,5.4,5.6,4.7,4.8,4.4,4.4,4.9,5.0,3.3,3.3,3.3,3.3,3.3,3.3,13843.5,13908.5,13131.5,11814.0,10645.8,12032.5,133.4,133.9,135.1,136.4,139.0,140.0,175.0,173.9,169.8,169.0,168.0,155.3,22.7,29.4,23.5,32.9,45.8,27.3
Actual,2013-04-01,2013-04-01,9.32,-0.2,2.7,-1.0,2.1,3.1,3.9,2.3,5.5,1.1,4.5,4.4,6.0,1.8,-1.0,3.9,1.5,2.6,6.8,3.7,2.9,7.4,4.1,3.4,7.5,9.0,9.1,9.0,9.5,9.5,9.6,2.6,4.6,4.3,3.3,1.2,-0.1,0.0,0.0,0.1,0.1,0.2,0.1,1.1,1.8,2.1,1.5,1.6,2.3,2.5,3.3,3.5,3.0,2.9,3.6,4.5,4.8,5.0,4.7,4.8,5.4,4.3,4.7,4.8,4.4,4.4,4.9,3.3,3.3,3.3,3.3,3.3,3.3,11676.5,13843.5,13908.5,13131.5,11814.0,10645.8,134.0,133.4,133.9,135.1,136.4,139.0,171.3,175.0,173.9,169.8,169.0,168.0,48.0,22.7,29.4,23.5,32.9,45.8
Actual,2013-07-01,2013-07-01,8.66,4.6,-0.2,2.7,-1.0,2.1,3.1,5.1,2.3,5.5,1.1,4.5,4.4,1.1,1.8,-1.0,3.9,1.5,2.6,2.5,3.7,2.9,7.4,4.1,3.4,8.6,9.0,9.1,9.0,9.5,9.5,1.8,2.6,4.6,4.3,3.3,1.2,0.0,0.0,0.0,0.1,0.1,0.2,1.0,1.1,1.8,2.1,1.5,1.6,2.1,2.5,3.3,3.5,3.0,2.9,4.8,4.5,4.8,5.0,4.7,4.8,4.0,4.3,4.7,4.8,4.4,4.4,3.3,3.3,3.3,3.3,3.3,3.3,13019.3,11676.5,13843.5,13908.5,13131.5,11814.0,134.1,134.0,133.4,133.9,135.1,136.4,177.9,171.3,175.0,173.9,169.8,169.0,45.5,48.0,22.7,29.4,23.5,32.9
Actual,2013-10-01,2013-10-01,8.29,3.3,4.6,-0.2,2.7,-1.0,2.1,5.8,5.1,2.3,5.5,1.1,4.5,7.6,1.1,1.8,-1.0,3.9,1.5,10.4,2.5,3.7,2.9,7.4,4.1,8.3,8.6,9.0,9.1,9.0,9.5,2.3,1.8,2.6,4.6,4.3,3.3,0.1,0.0,0.0,0.0,0.1,0.1,0.9,1.0,1.1,1.8,2.1,1.5,2.1,2.1,2.5,3.3,3.5,3.0,4.4,4.8,4.5,4.8,5.0,4.7,3.9,4.0,4.3,4.7,4.8,4.4,3.3,3.3,3.3,3.3,3.3,3.3,14627.5,13019.3,11676.5,13843.5,13908.5,13131.5,135.6,134.1,134.0,133.4,133.9,135.1,182.5,177.9,171.3,175.0,173.9,169.8,23.0,45.5,48.0,22.7,29.4,23.5
Actual,2014-01-01,2014-01-01,7.77,1.8,3.3,4.6,-0.2,2.7,-1.0,3.5,5.8,5.1,2.3,5.5,1.1,3.6,7.6,1.1,1.8,-1.0,3.9,4.6,10.4,2.5,3.7,2.9,7.4,8.2,8.3,8.6,9.0,9.1,9.0,0.8,2.3,1.8,2.6,4.6,4.3,0.1,0.1,0.0,0.0,0.0,0.1,0.8,0.9,1.0,1.1,1.8,2.1,1.8,2.1,2.1,2.5,3.3,3.5,4.3,4.4,4.8,4.5,4.8,5.0,3.8,3.9,4.0,4.3,4.7,4.8,3.3,3.3,3.3,3.3,3.3,3.3,14100.2,14627.5,13019.3,11676.5,13843.5,13908.5,138.7,135.6,134.1,134.0,133.4,133.9,180.2,182.5,177.9,171.3,175.0,173.9,26.7,23.0,45.5,48.0,22.7,29.4
Actual,2014-04-01,2014-04-01,7.43,0.7,1.8,3.3,4.6,-0.2,2.7,2.8,3.5,5.8,5.1,2.3,5.5,-2.6,3.6,7.6,1.1,1.8,-1.0,-1.5,4.6,10.4,2.5,3.7,2.9,8.0,8.2,8.3,8.6,9.0,9.1,1.8,0.8,2.3,1.8,2.6,4.6,0.1,0.1,0.1,0.0,0.0,0.0,0.7,0.8,0.9,1.0,1.1,1.8,1.6,1.8,2.1,2.1,2.5,3.3,3.9,4.3,4.4,4.8,4.5,4.8,3.6,3.8,3.9,4.0,4.3,4.7,3.3,3.3,3.3,3.3,3.3,3.3,14894.7,14100.2,14627.5,13019.3,11676.5,13843.5,141.5,138.7,135.6,134.1,134.0,133.4,183.8,180.2,182.5,177.9,171.3,175.0,20.5,26.7,23.0,45.5,48.0,22.7
Actual,2014-07-01,2014-07-01,7.06,0.4,0.7,1.8,3.3,4.6,-0.2,2.5,2.8,3.5,5.8,5.1,2.3,11.6,-2.6,3.6,7.6,1.1,1.8,14.2,-1.5,4.6,10.4,2.5,3.7,7.8,8.0,8.2,8.3,8.6,9.0,2.7,1.8,0.8,2.3,1.8,2.6,0.1,0.1,0.1,0.1,0.0,0.0,0.7,0.7,0.8,0.9,1.0,1.1,1.7,1.6,1.8,2.1,2.1,2.5,3.6,3.9,4.3,4.4,4.8,4.5,3.4,3.6,3.8,3.9,4.0,4.3,3.3,3.3,3.3,3.3,3.3,3.3,14834.9,14894.7,14100.2,14627.5,13019.3,11676.5,144.6,141.5,138.7,135.6,134.1,134.0,185.4,183.8,180.2,182.5,177.9,171.3,22.7,20.5,26.7,23.0,45.5,48.0
Actual,2014-10-01,2014-10-01,6.5,3.5,0.4,0.7,1.8,3.3,4.6,5.2,2.5,2.8,3.5,5.8,5.1,-14.9,11.6,-2.6,3.6,7.6,1.1,-13.6,14.2,-1.5,4.6,10.4,2.5,7.7,7.8,8.0,8.2,8.3,8.6,1.6,2.7,1.8,0.8,2.3,1.8,0.1,0.1,0.1,0.1,0.1,0.0,0.8,0.7,0.7,0.8,0.9,1.0,1.9,1.7,1.6,1.8,2.1,2.1,3.7,3.6,3.9,4.3,4.4,4.8,3.5,3.4,3.6,3.8,3.9,4.0,3.3,3.3,3.3,3.3,3.3,3.3,16396.2,14834.9,14894.7,14100.2,14627.5,13019.3,148.3,144.6,141.5,138.7,135.6,134.1,188.5,185.4,183.8,180.2,182.5,177.9,19.0,22.7,20.5,26.7,23.0,45.5
Actual,2015-01-01,2015-01-01,6.24,0.6,3.5,0.4,0.7,1.8,3.3,1.7,5.2,2.5,2.8,3.5,5.8,3.0,-14.9,11.6,-2.6,3.6,7.6,3.3,-13.6,14.2,-1.5,4.6,10.4,7.5,7.7,7.8,8.0,8.2,8.3,-0.4,1.6,2.7,1.8,0.8,2.3,0.1,0.1,0.1,0.1,0.1,0.1,0.9,0.8,0.7,0.7,0.8,0.9,2.0,1.9,1.7,1.6,1.8,2.1,3.8,3.7,3.6,3.9,4.3,4.4,3.7,3.5,3.4,3.6,3.8,3.9,3.3,3.3,3.3,3.3,3.3,3.3,16771.3,16396.2,14834.9,14894.7,14100.2,14627.5,152.2,148.3,144.6,141.5,138.7,135.6,197.2,188.5,185.4,183.8,180.2,182.5,20.5,19.0,22.7,20.5,26.7,23.0
Actual,2015-04-01,2015-04-01,5.82,3.2,0.6,3.5,0.4,0.7,1.8,5.2,1.7,5.2,2.5,2.8,3.5,1.5,3.0,-14.9,11.6,-2.6,3.6,3.2,3.3,-13.6,14.2,-1.5,4.6,7.2,7.5,7.7,7.8,8.0,8.2,2.2,-0.4,1.6,2.7,1.8,0.8,0.0,0.1,0.1,0.1,0.1,0.1,1.5,0.9,0.8,0.7,0.7,0.8,2.7,2.0,1.9,1.7,1.6,1.8,4.7,3.8,3.7,3.6,3.9,4.3,4.4,3.7,3.5,3.4,3.6,3.8,3.3,3.3,3.3,3.3,3.3,3.3,17718.3,16771.3,16396.2,14834.9,14894.7,14100.2,155.9,152.2,148.3,144.6,141.5,138.7,208.8,197.2,188.5,185.4,183.8,180.2,17.0,20.5,19.0,22.7,20.5,26.7
Actual,2015-07-01,2015-07-01,5.39,2.9,3.2,0.6,3.5,0.4,0.7,5.4,5.2,1.7,5.2,2.5,2.8,1.2,1.5,3.0,-14.9,11.6,-2.6,2.9,3.2,3.3,-13.6,14.2,-1.5,6.9,7.2,7.5,7.7,7.8,8.0,1.5,2.2,-0.4,1.6,2.7,1.8,0.1,0.0,0.1,0.1,0.1,0.1,1.4,1.5,0.9,0.8,0.7,0.7,2.8,2.7,2.0,1.9,1.7,1.6,4.5,4.7,3.8,3.7,3.6,3.9,4.3,4.4,3.7,3.5,3.4,3.6,3.3,3.3,3.3,3.3,3.3,3.3,19413.2,17718.3,16771.3,16396.2,14834.9,14894.7,158.9,155.9,152.2,148.3,144.6,141.5,212.3,208.8,197.2,188.5,185.4,183.8,20.3,17.0,20.5,19.0,22.7,20.5
Actual,2015-10-01,2015-10-01,5.11,-1.4,2.9,3.2,0.6,3.5,0.4,0.3,5.4,5.2,1.7,5.2,2.5,5.1,1.2,1.5,3.0,-14.9,11.6,7.1,2.9,3.2,3.3,-13.6,14.2,6.7,6.9,7.2,7.5,7.7,7.8,2.5,1.5,2.2,-0.4,1.6,2.7,0.0,0.1,0.0,0.1,0.1,0.1,1.6,1.4,1.5,0.9,0.8,0.7,2.8,2.8,2.7,2.0,1.9,1.7,4.4,4.5,4.7,3.8,3.7,3.6,4.4,4.3,4.4,3.7,3.5,3.4,3.3,3.3,3.3,3.3,3.3,3.3,19711.2,19413.2,17718.3,16771.3,16396.2,14834.9,160.8,158.9,155.9,152.2,148.3,144.6,209.2,212.3,208.8,197.2,188.5,185.4,21.4,20.3,17.0,20.5,19.0,22.7
Actual,2016-01-01,2016-01-01,4.78,5.2,-1.4,2.9,3.2,0.6,3.5,7.6,0.3,5.4,5.2,1.7,5.2,5.4,5.1,1.2,1.5,3.0,-14.9,7.5,7.1,2.9,3.2,3.3,-13.6,6.2,6.7,6.9,7.2,7.5,7.7,2.1,2.5,1.5,2.2,-0.4,1.6,0.0,0.0,0.1,0.0,0.1,0.1,1.7,1.6,1.4,1.5,0.9,0.8,2.7,2.8,2.8,2.7,2.0,1.9,4.0,4.4,4.5,4.7,3.8,3.7,4.2,4.4,4.3,4.4,3.7,3.5,3.3,3.3,3.3,3.3,3.3,3.3,20568.7,19711.2,19413.2,17718.3,16771.3,16396.2,162.1,160.8,158.9,155.9,152.2,148.3,214.5,209.2,212.3,208.8,197.2,188.5,17.0,21.4,20.3,17.0,20.5,19.0
Actual,2016-04-01,2016-04-01,4.59,4.7,5.2,-1.4,2.9,3.2,0.6,6.6,7.6,0.3,5.4,5.2,1.7,4.6,5.4,5.1,1.2,1.5,3.0,5.8,7.5,7.1,2.9,3.2,3.3,6.1,6.2,6.7,6.9,7.2,7.5,1.0,2.1,2.5,1.5,2.2,-0.4,0.0,0.0,0.0,0.1,0.0,0.1,1.7,1.7,1.6,1.4,1.5,0.9,2.5,2.7,2.8,2.8,2.7,2.0,3.9,4.0,4.4,4.5,4.7,3.8,4.1,4.2,4.4,4.3,4.4,3.7,3.3,3.3,3.3,3.3,3.3,3.3,20458.8,20568.7,19711.2,19413.2,17718.3,16771.3,164.2,162.1,160.8,158.9,155.9,152.2,220.5,214.5,209.2,212.3,208.8,197.2,17.0,17.0,21.4,20.3,17.0,20.5
Actual,2016-07-01,2016-07-01,4.38,1.8,4.7,5.2,-1.4,2.9,3.2,2.5,6.6,7.6,0.3,5.4,5.2,5.7,4.6,5.4,5.1,1.2,1.5,5.2,5.8,7.5,7.1,2.9,3.2,5.7,6.1,6.2,6.7,6.9,7.2,-1.0,1.0,2.1,2.5,1.5,2.2,0.0,0.0,0.0,0.0,0.1,0.0,1.6,1.7,1.7,1.6,1.4,1.5,2.3,2.5,2.7,2.8,2.8,2.7,4.0,3.9,4.0,4.4,4.5,4.7,4.0,4.1,4.2,4.4,4.3,4.4,3.3,3.3,3.3,3.3,3.3,3.3,21424.6,20458.8,20568.7,19711.2,19413.2,17718.3,166.7,164.2,162.1,160.8,158.9,155.9,227.3,220.5,214.5,209.2,212.3,208.8,26.3,17.0,17.0,21.4,20.3,17.0
Actual,2016-10-01,2016-10-01,4.14,3.3,1.8,4.7,5.2,-1.4,2.9,3.1,2.5,6.6,7.6,0.3,5.4,5.4,5.7,4.6,5.4,5.1,1.2,3.7,5.2,5.8,7.5,7.1,2.9,5.5,5.7,6.1,6.2,6.7,6.9,-2.6,-1.0,1.0,2.1,2.5,1.5,0.0,0.0,0.0,0.0,0.0,0.1,1.5,1.6,1.7,1.7,1.6,1.4,2.0,2.3,2.5,2.7,2.8,2.8,3.9,4.0,3.9,4.0,4.4,4.5,3.7,4.0,4.1,4.2,4.4,4.3,3.3,3.3,3.3,3.3,3.3,3.3,21707.6,21424.6,20458.8,20568.7,19711.2,19413.2,168.7,166.7,164.2,162.1,160.8,158.9,239.5,227.3,220.5,214.5,209.2,212.3,22.4,26.3,17.0,17.0,21.4,20.3
Actual,2017-01-01,2017-01-01,3.9,2.3,3.3,1.8,4.7,5.2,-1.4,4.6,3.1,2.5,6.6,7.6,0.3,1.1,5.4,5.7,4.6,5.4,5.1,3.1,3.7,5.2,5.8,7.5,7.1,5.4,5.5,5.7,6.1,6.2,6.7,2.8,-2.6,-1.0,1.0,2.1,2.5,0.0,0.0,0.0,0.0,0.0,0.0,1.5,1.5,1.6,1.7,1.7,1.6,2.2,2.0,2.3,2.5,2.7,2.8,3.9,3.9,4.0,3.9,4.0,4.4,3.8,3.7,4.0,4.1,4.2,4.4,3.3,3.3,3.3,3.3,3.3,3.3,21630.9,21707.6,21424.6,20458.8,20568.7,19711.2,170.8,168.7,166.7,164.2,162.1,160.8,243.4,239.5,227.3,220.5,214.5,209.2,18.9,22.4,26.3,17.0,17.0,21.4
Actual,2017-04-01,2017-04-01,3.68,1.3,2.3,3.3,1.8,4.7,5.2,2.5,4.6,3.1,2.5,6.6,7.6,2.3,1.1,5.4,5.7,4.6,5.4,3.3,3.1,3.7,5.2,5.8,7.5,5.1,5.4,5.5,5.7,6.1,6.2,1.5,2.8,-2.6,-1.0,1.0,2.1,0.0,0.0,0.0,0.0,0.0,0.0,1.6,1.5,1.5,1.6,1.7,1.7,2.3,2.2,2.0,2.3,2.5,2.7,4.3,3.9,3.9,4.0,3.9,4.0,4.0,3.8,3.7,4.0,4.1,4.2,3.3,3.3,3.3,3.3,3.3,3.3,19959.3,21630.9,21707.6,21424.6,20458.8,20568.7,173.2,170.8,168.7,166.7,164.2,162.1,244.9,243.4,239.5,227.3,220.5,214.5,40.7,18.9,22.4,26.3,17.0,17.0
Actual,2017-07-01,2017-07-01,3.64,0.6,1.3,2.3,3.3,1.8,4.7,0.5,2.5,4.6,3.1,2.5,6.6,2.5,2.3,1.1,5.4,5.7,4.6,2.1,3.3,3.1,3.7,5.2,5.8,5.0,5.1,5.4,5.5,5.7,6.1,0.0,1.5,2.8,-2.6,-1.0,1.0,0.1,0.0,0.0,0.0,0.0,0.0,1.6,1.6,1.5,1.5,1.6,1.7,2.2,2.3,2.2,2.0,2.3,2.5,4.4,4.3,3.9,3.9,4.0,3.9,3.9,4.0,3.8,3.7,4.0,4.1,3.3,3.3,3.3,3.3,3.3,3.3,21100.9,19959.3,21630.9,21707.6,21424.6,20458.8,175.6,173.2,170.8,168.7,166.7,164.2,245.5,244.9,243.4,239.5,227.3,220.5,24.4,40.7,18.9,22.4,26.3,17.0
Actual,2017-10-01,2017-10-01,3.57,2.4,0.6,1.3,2.3,3.3,1.8,2.0,0.5,2.5,4.6,3.1,2.5,3.1,2.5,2.3,1.1,5.4,5.7,3.3,2.1,3.3,3.1,3.7,5.2,4.9,5.0,5.1,5.4,5.5,5.7,-0.2,0.0,1.5,2.8,-2.6,-1.0,0.3,0.1,0.0,0.0,0.0,0.0,1.4,1.6,1.6,1.5,1.5,1.6,2.0,2.2,2.3,2.2,2.0,2.3,4.5,4.4,4.3,3.9,3.9,4.0,3.7,3.9,4.0,3.8,3.7,4.0,3.5,3.3,3.3,3.3,3.3,3.3,21179.4,21100.9,19959.3,21630.9,21707.6,21424.6,177.8,175.6,173.2,170.8,168.7,166.7,238.8,245.5,244.9,243.4,239.5,227.3,28.1,24.4,40.7,18.9,22.4,26.3
Actual,2018-01-01,2018-01-01,3.48,1.2,2.4,0.6,1.3,2.3,3.3,4.1,2.0,0.5,2.5,4.6,3.1,-0.7,3.1,2.5,2.3,1.1,5.4,1.9,3.3,2.1,3.3,3.1,3.7,4.9,4.9,5.0,5.1,5.4,5.5,3.2,-0.2,0.0,1.5,2.8,-2.6,0.3,0.3,0.1,0.0,0.0,0.0,1.3,1.4,1.6,1.6,1.5,1.5,1.8,2.0,2.2,2.3,2.2,2.0,3.9,4.5,4.4,4.3,3.9,3.9,3.6,3.7,3.9,4.0,3.8,3.7,3.5,3.5,3.3,3.3,3.3,3.3,21621.5,21179.4,21100.9,19959.3,21630.9,21707.6,179.8,177.8,175.6,173.2,170.8,168.7,242.0,238.8,245.5,244.9,243.4,239.5,25.8,28.1,24.4,40.7,18.9,22.4
Actual,2018-04-01,2018-04-01,3.22,2.4,1.2,2.4,0.6,1.3,2.3,3.6,4.1,2.0,0.5,2.5,4.6,1.9,-0.7,3.1,2.5,2.3,1.1,3.5,1.9,3.3,2.1,3.3,3.1,4.9,4.9,4.9,5.0,5.1,5.4,1.7,3.2,-0.2,0.0,1.5,2.8,0.3,0.3,0.3,0.1,0.0,0.0,1.2,1.3,1.4,1.6,1.6,1.5,1.6,1.8,2.0,2.2,2.3,2.2,3.5,3.9,4.5,4.4,4.3,3.9,3.4,3.6,3.7,3.9,4.0,3.8,3.5,3.5,3.5,3.3,3.3,3.3,22468.6,21621.5,21179.4,21100.9,19959.3,21630.9,182.3,179.8,177.8,175.6,173.2,170.8,254.6,242.0,238.8,245.5,244.9,243.4,18.1,25.8,28.1,24.4,40.7,18.9
Actual,2018-07-01,2018-07-01,2.99,2.0,2.4,1.2,2.4,0.6,1.3,4.2,3.6,4.1,2.0,0.5,2.5,2.1,1.9,-0.7,3.1,2.5,2.3,4.1,3.5,1.9,3.3,2.1,3.3,4.8,4.9,4.9,4.9,5.0,5.1,2.6,1.7,3.2,-0.2,0.0,1.5,0.4,0.3,0.3,0.3,0.1,0.0,1.7,1.2,1.3,1.4,1.6,1.6,2.2,1.6,1.8,2.0,2.2,2.3,3.9,3.5,3.9,4.5,4.4,4.3,3.8,3.4,3.6,3.7,3.9,4.0,3.5,3.5,3.5,3.5,3.3,3.3,23276.7,22468.6,21621.5,21179.4,21100.9,19959.3,185.1,182.3,179.8,177.8,175.6,173.2,257.1,254.6,242.0,238.8,245.5,244.9,22.5,18.1,25.8,28.1,24.4,40.7
Actual,2018-10-01,2018-10-01,2.83,1.9,2.0,2.4,1.2,2.4,0.6,4.0,4.2,3.6,4.1,2.0,0.5,4.1,2.1,1.9,-0.7,3.1,2.5,6.4,4.1,3.5,1.9,3.3,2.1,4.6,4.8,4.9,4.9,4.9,5.0,2.7,2.6,1.7,3.2,-0.2,0.0,0.6,0.4,0.3,0.3,0.3,0.1,2.0,1.7,1.2,1.3,1.4,1.6,2.5,2.2,1.6,1.8,2.0,2.2,4.0,3.9,3.5,3.9,4.5,4.4,4.2,3.8,3.4,3.6,3.7,3.9,3.8,3.5,3.5,3.5,3.5,3.3,24508.3,23276.7,22468.6,21621.5,21179.4,21100.9,187.7,185.1,182.3,179.8,177.8,175.6,253.4,257.1,254.6,242.0,238.8,245.5,13.1,22.5,18.1,25.8,28.1,24.4
Actual,2019-01-01,2019-01-01,2.69,2.3,1.9,2.0,2.4,1.2,2.4,3.6,4.0,4.2,3.6,4.1,2.0,4.0,4.1,2.1,1.9,-0.7,3.1,5.2,6.4,4.1,3.5,1.9,3.3,4.4,4.6,4.8,4.9,4.9,4.9,0.7,2.7,2.6,1.7,3.2,-0.2,0.9,0.6,0.4,0.3,0.3,0.3,1.8,2.0,1.7,1.2,1.3,1.4,2.3,2.5,2.2,1.6,1.8,2.0,3.8,4.0,3.9,3.5,3.9,4.5,4.0,4.2,3.8,3.4,3.6,3.7,4.0,3.8,3.5,3.5,3.5,3.5,25125.0,24508.3,23276.7,22468.6,21621.5,21179.4,190.3,187.7,185.1,182.3,179.8,177.8,261.5,253.4,257.1,254.6,242.0,238.8,16.0,13.1,22.5,18.1,25.8,28.1
Actual,2019-04-01,2019-04-01,2.6,2.9,2.3,1.9,2.0,2.4,1.2,5.0,3.6,4.0,4.2,3.6,4.1,2.4,4.0,4.1,2.1,1.9,-0.7,4.0,5.2,6.4,4.1,3.5,1.9,4.3,4.4,4.6,4.8,4.9,4.9,1.9,0.7,2.7,2.6,1.7,3.2,1.0,0.9,0.6,0.4,0.3,0.3,1.8,1.8,2.0,1.7,1.2,1.3,2.3,2.3,2.5,2.2,1.6,1.8,3.7,3.8,4.0,3.9,3.5,3.9,3.9,4.0,4.2,3.8,3.4,3.6,4.3,4.0,3.8,3.5,3.5,3.5,26148.5,25125.0,24508.3,23276.7,22468.6,21621.5,193.2,190.3,187.7,185.1,182.3,179.8,266.7,261.5,253.4,257.1,254.6,242.0,16.0,16.0,13.1,22.5,18.1,25.8
Actual,2019-07-01,2019-07-01,2.44,3.8,2.9,2.3,1.9,2.0,2.4,6.8,5.0,3.6,4.0,4.2,3.6,2.0,2.4,4.0,4.1,2.1,1.9,4.7,4.0,5.2,6.4,4.1,3.5,4.2,4.3,4.4,4.6,4.8,4.9,3.2,1.9,0.7,2.7,2.6,1.7,1.2,1.0,0.9,0.6,0.4,0.3,2.1,1.8,1.8,2.0,1.7,1.2,2.4,2.3,2.3,2.5,2.2,1.6,3.7,3.7,3.8,4.0,3.9,3.5,3.9,3.9,4.0,4.2,3.8,3.4,4.3,4.3,4.0,3.8,3.5,3.5,27673.2,26148.5,25125.0,24508.3,23276.7,22468.6,196.3,193.2,190.3,187.7,185.1,182.3,274.6,266.7,261.5,253.4,257.1,254.6,13.1,16.0,16.0,13.1,22.5,18.1
Actual,2019-10-01,2019-10-01,2.34,3.1,3.8,2.9,2.3,1.9,2.0,5.3,6.8,5.0,3.6,4.0,4.2,4.9,2.0,2.4,4.0,4.1,2.1,7.7,4.7,4.0,5.2,6.4,4.1,4.0,4.2,4.3,4.4,4.6,4.8,3.1,3.2,1.9,0.7,2.7,2.6,1.6,1.2,1.0,0.9,0.6,0.4,2.5,2.1,1.8,1.8,2.0,1.7,2.8,2.4,2.3,2.3,2.5,2.2,4.1,3.7,3.7,3.8,4.0,3.9,4.3,3.9,3.9,4.0,4.2,3.8,4.5,4.3,4.3,4.0,3.8,3.5,27383.0,27673.2,26148.5,25125.0,24508.3,23276.7,199.4,196.3,193.2,190.3,187.7,185.1,270.4,274.6,266.7,261.5,253.4,257.1,37.3,13.1,16.0,16.0,13.1,22.5
Actual,2020-01-01,2020-01-01,2.35,3.4,3.1,3.8,2.9,2.3,1.9,7.1,5.3,6.8,5.0,3.6,4.0,3.4,4.9,2.0,2.4,4.0,4.1,5.8,7.7,4.7,4.0,5.2,6.4,3.9,4.0,4.2,4.3,4.4,4.6,2.5,3.1,3.2,1.9,0.7,2.7,1.8,1.6,1.2,1.0,0.9,0.6,2.8,2.5,2.1,1.8,1.8,2.0,2.9,2.8,2.4,2.3,2.3,2.5,4.5,4.1,3.7,3.7,3.8,4.0,4.5,4.3,3.9,3.9,4.0,4.2,4.8,4.5,4.3,4.3,4.0,3.8,28313.8,27383.0,27673.2,26148.5,25125.0,24508.3,201.8,199.4,196.3,193.2,190.3,187.7,283.3,270.4,274.6,266.7,261.5,253.4,23.6,37.3,13.1,16.0,16.0,13.1
Actual,2020-04-01,2020-04-01,2.54,1.9,3.4,3.1,3.8,2.9,2.3,3.3,7.1,5.3,6.8,5.0,3.6,3.4,3.4,4.9,2.0,2.4,4.0,4.7,5.8,7.7,4.7,4.0,5.2,3.8,3.9,4.0,4.2,4.3,4.4,1.6,2.5,3.1,3.2,1.9,0.7,2.0,1.8,1.6,1.2,1.0,0.9,2.8,2.8,2.5,2.1,1.8,1.8,2.9,2.9,2.8,2.4,2.3,2.3,4.5,4.5,4.1,3.7,3.7,3.8,4.6,4.5,4.3,3.9,3.9,4.0,5.0,4.8,4.5,4.3,4.3,4.0,30189.6,28313.8,27383.0,27673.2,26148.5,25125.0,203.6,201.8,199.4,196.3,193.2,190.3,276.3,283.3,270.4,274.6,266.7,261.5,16.1,23.6,37.3,13.1,16.0,16.0
Actual,2020-07-01,2020-07-01,2.84,0.9,1.9,3.4,3.1,3.8,2.9,3.0,3.3,7.1,5.3,6.8,5.0,3.0,3.4,3.4,4.9,2.0,2.4,4.7,4.7,5.8,7.7,4.7,4.0,3.8,3.8,3.9,4.0,4.2,4.3,1.6,1.6,2.5,3.1,3.2,1.9,2.3,2.0,1.8,1.6,1.2,1.0,2.9,2.8,2.8,2.5,2.1,1.8,3.0,2.9,2.9,2.8,2.4,2.3,4.8,4.5,4.5,4.1,3.7,3.7,4.8,4.6,4.5,4.3,3.9,3.9,5.3,5.0,4.8,4.5,4.3,4.3,25724.5,30189.6,28313.8,27383.0,27673.2,26148.5,205.4,203.6,201.8,199.4,196.3,193.2,276.9,276.3,283.3,270.4,274.6,266.7,36.1,16.1,23.6,37.3,13.1,16.0
Actual,2020-10-01,2020-10-01,2.74,2.4,0.9,1.9,3.4,3.1,3.8,3.7,3.0,3.3,7.1,5.3,6.8,3.6,3.0,3.4,3.4,4.9,2.0,4.1,4.7,4.7,5.8,7.7,4.7,3.9,3.8,3.8,3.9,4.0,4.2,0.7,1.6,1.6,2.5,3.1,3.2,2.4,2.3,2.0,1.8,1.6,1.2,2.5,2.9,2.8,2.8,2.5,2.1,2.7,3.0,2.9,2.9,2.8,2.4,4.5,4.8,4.5,4.5,4.1,3.7,4.4,4.8,4.6,4.5,4.3,3.9,5.5,5.3,5.0,4.8,4.5,4.3,29193.9,25724.5,30189.6,28313.8,27383.0,27673.2,207.3,205.4,203.6,201.8,199.4,196.3,283.1,276.9,276.3,283.3,270.4,274.6,25.5,36.1,16.1,23.6,37.3,13.1
Actual,2021-01-01,2021-01-01,2.67,3.2,2.4,0.9,1.9,3.4,3.1,5.6,3.7,3.0,3.3,7.1,5.3,-1.4,3.6,3.0,3.4,3.4,4.9,1.3,4.1,4.7,4.7,5.8,7.7,3.6,3.9,3.8,3.8,3.9,4.0,3.5,0.7,1.6,1.6,2.5,3.1,2.3,2.4,2.3,2.0,1.8,1.6,2.1,2.5,2.9,2.8,2.8,2.5,2.4,2.7,3.0,2.9,2.9,2.8,4.0,4.5,4.8,4.5,4.5,4.1,4.0,4.4,4.8,4.6,4.5,4.3,5.5,5.5,5.3,5.0,4.8,4.5,30243.8,29193.9,25724.5,30189.6,28313.8,27383.0,209.2,207.3,205.4,203.6,201.8,199.4,296.4,283.1,276.9,276.3,283.3,270.4,20.6,25.5,36.1,16.1,23.6,37.3
Actual,2021-04-01,2021-04-01,2.48,2.8,3.2,2.4,0.9,1.9,3.4,4.1,5.6,3.7,3.0,3.3,7.1,2.3,-1.4,3.6,3.0,3.4,3.4,3.4,1.3,4.1,4.7,4.7,5.8,3.6,3.6,3.9,3.8,3.8,3.9,1.3,3.5,0.7,1.6,1.6,2.5,2.0,2.3,2.4,2.3,2.0,1.8,1.7,2.1,2.5,2.9,2.8,2.8,1.8,2.4,2.7,3.0,2.9,2.9,3.4,4.0,4.5,4.8,4.5,4.5,3.7,4.0,4.4,4.8,4.6,4.5,5.3,5.5,5.5,5.3,5.0,4.8,30441.8,30243.8,29193.9,25724.5,30189.6,28313.8,211.3,209.2,207.3,205.4,203.6,201.8,304.9,296.4,283.1,276.9,276.3,283.3,24.6,20.6,25.5,36.1,16.1,23.6
Actual,2021-07-01,2021-07-01,2.31,1.9,2.8,3.2,2.4,0.9,1.9,3.6,4.1,5.6,3.7,3.0,3.3,2.4,2.3,-1.4,3.6,3.0,3.4,4.1,3.4,1.3,4.1,4.7,4.7,3.6,3.6,3.6,3.9,3.8,3.8,2.6,1.3,3.5,0.7,1.6,1.6,1.6,2.0,2.3,2.4,2.3,2.0,1.6,1.7,2.1,2.5,2.9,2.8,1.8,1.8,2.4,2.7,3.0,2.9,3.3,3.4,4.0,4.5,4.8,4.5,3.7,3.7,4.0,4.4,4.8,4.6,4.8,5.3,5.5,5.5,5.3,5.0,33035.4,30441.8,30243.8,29193.9,25724.5,30189.6,214.1,211.3,209.2,207.3,205.4,203.6,298.4,304.9,296.4,283.1,276.9,276.3,20.6,24.6,20.6,25.5,36.1,16.1
Actual,2021-10-01,2021-10-01,2.28,-5.1,1.9,2.8,3.2,2.4,0.9,-3.9,3.6,4.1,5.6,3.7,3.0,3.0,2.4,2.3,-1.4,3.6,3.0,4.3,4.1,3.4,1.3,4.1,4.7,3.8,3.6,3.6,3.6,3.9,3.8,1.0,2.6,1.3,3.5,0.7,1.6,1.1,1.6,2.0,2.3,2.4,2.3,1.2,1.6,1.7,2.1,2.5,2.9,1.4,1.8,1.8,2.4,2.7,3.0,3.4,3.3,3.4,4.0,4.5,4.8,3.5,3.7,3.7,4.0,4.4,4.8,4.4,4.8,5.3,5.5,5.5,5.3,25984.8,33035.4,30441.8,30243.8,29193.9,25724.5,217.1,214.1,211.3,209.2,207.3,205.4,300.1,298.4,304.9,296.4,283.1,276.9,82.7,20.6,24.6,20.6,25.5,36.1
Actual,2022-01-01,2022-01-01,2.08,-31.2,-5.1,1.9,2.8,3.2,2.4,-32.4,-3.9,3.6,4.1,5.6,3.7,48.5,3.0,2.4,2.3,-1.4,3.6,46.1,4.3,4.1,3.4,1.3,4.1,13.0,3.8,3.6,3.6,3.6,3.9,-3.1,1.0,2.6,1.3,3.5,0.7,0.1,1.1,1.6,2.0,2.3,2.4,0.4,1.2,1.6,1.7,2.1,2.5,0.7,1.4,1.8,1.8,2.4,2.7,3.4,3.4,3.3,3.4,4.0,4.5,3.2,3.5,3.7,3.7,4.0,4.4,3.3,4.4,4.8,5.3,5.5,5.5,31576.8,25984.8,33035.4,30441.8,30243.8,29193.9,219.6,217.1,214.1,211.3,209.2,207.3,301.5,300.1,298.4,304.9,296.4,283.1,57.1,82.7,20.6,24.6,20.6,25.5
Actual,2022-04-01,2022-04-01,1.96,33.8,-31.2,-5.1,1.9,2.8,3.2,38.7,-32.4,-3.9,3.6,4.1,5.6,-16.6,48.5,3.0,2.4,2.3,-1.4,-13.6,46.1,4.3,4.1,3.4,1.3,8.8,13.0,3.8,3.6,3.6,3.6,4.7,-3.1,1.0,2.6,1.3,3.5,0.1,0.1,1.1,1.6,2.0,2.3,0.3,0.4,1.2,1.6,1.7,2.1,0.6,0.7,1.4,1.8,1.8,2.4,2.4,3.4,3.4,3.3,3.4,4.0,3.0,3.2,3.5,3.7,3.7,4.0,3.3,3.3,4.4,4.8,5.3,5.5,34305.8,31576.8,25984.8,33035.4,30441.8,30243.8,225.2,219.6,217.1,214.1,211.3,209.2,300.0,301.5,300.1,298.4,304.9,296.4,33.6,57.1,82.7,20.6,24.6,20.6
Actual,2022-07-01,2022-07-01,1.85,4.5,33.8,-31.2,-5.1,1.9,2.8,6.6,38.7,-32.4,-3.9,3.6,4.1,-8.3,-16.6,48.5,3.0,2.4,2.3,-6.9,-13.6,46.1,4.3,4.1,3.4,6.8,8.8,13.0,3.8,3.6,3.6,2.4,4.7,-3.1,1.0,2.6,1.3,0.1,0.1,0.1,1.1,1.6,2.0,0.4,0.3,0.4,1.2,1.6,1.7,0.9,0.6,0.7,1.4,1.8,1.8,2.3,2.4,3.4,3.4,3.3,3.4,2.8,3.0,3.2,3.5,3.7,3.7,3.3,3.3,3.3,4.4,4.8,5.3,39219.6,34305.8,31576.8,25984.8,33035.4,30441.8,232.7,225.2,219.6,217.1,214.1,211.3,311.7,300.0,301.5,300.1,298.4,304.9,40.3,33.6,57.1,82.7,20.6,24.6
Actual,2022-10-01,2022-10-01,1.78,6.3,4.5,33.8,-31.2,-5.1,1.9,10.9,6.6,38.7,-32.4,-3.9,3.6,54.7,-8.3,-16.6,48.5,3.0,2.4,60.6,-6.9,-13.6,46.1,4.3,4.1,6.2,6.8,8.8,13.0,3.8,3.6,3.7,2.4,4.7,-3.1,1.0,2.6,0.1,0.1,0.1,0.1,1.1,1.6,0.6,0.4,0.3,0.4,1.2,1.6,1.4,0.9,0.6,0.7,1.4,1.8,2.4,2.3,2.4,3.4,3.4,3.3,2.9,2.8,3.0,3.2,3.5,3.7,3.3,3.3,3.3,3.3,4.4,4.8,41602.7,39219.6,34305.8,31576.8,25984.8,33035.4,242.2,232.7,225.2,219.6,217.1,214.1,312.9,311.7,300.0,301.5,300.1,298.4,37.2,40.3,33.6,57.1,82.7,20.6
Actual,2023-01-01,2023-01-01,1.73,6.7,6.3,4.5,33.8,-31.2,-5.1,13.4,10.9,6.6,38.7,-32.4,-3.9,-29.0,54.7,-8.3,-16.6,48.5,3.0,-24.5,60.6,-6.9,-13.6,46.1,4.3,5.9,6.2,6.8,8.8,13.0,3.8,8.4,3.7,2.4,4.7,-3.1,1.0,0.0,0.1,0.1,0.1,0.1,1.1,0.8,0.6,0.4,0.3,0.4,1.2,1.6,1.4,0.9,0.6,0.7,1.4,2.6,2.4,2.3,2.4,3.4,3.4,3.0,2.9,2.8,3.0,3.2,3.5,3.3,3.3,3.3,3.3,3.3,4.4,44904.3,41602.7,39219.6,34305.8,31576.8,25984.8,254.9,242.2,232.7,225.2,219.6,217.1,322.7,312.9,311.7,300.0,301.5,300.1,27.6,37.2,40.3,33.6,57.1,82.7
